name,email,city
John Doe,john.doe@example.com,Bengaluru
Alice,alice.smith@example.com,London
Emily Brown,emily.brown@example.com,Sydney
Michael Davis,michael.davis@example.com,Tokyo
Sarah Wilson,sarah.wilson@example.com,Berlin
Matthew Taylor,matthew.taylor@example.com,Madrid
Jessica Martinez,jessica.martinez@example.com,Rome
Daniel Garcia,daniel.garcia@example.com,Mexico City
Emma Rodriguez,emma.rodriguez@example.com,Seoul
William Lopez,william.lopez@example.com,Moscow